{"count":1,"self":81.617663999999991,"total":82.9572415,"children":{"InitializeActuators":{"count":6,"self":0.0005438,"total":0.0005438,"children":null},"InitializeSensors":{"count":6,"self":0.0015048,"total":0.0015048,"children":null},"AgentSendState":{"count":3871,"self":0.8552042,"total":0.8833388,"children":{"CollectObservations":{"count":2325,"self":0.0066533999999999994,"total":0.0066533999999999994,"children":null},"WriteActionMask":{"count":2325,"self":0.0027408999999999997,"total":0.0027408999999999997,"children":null},"RequestDecision":{"count":2325,"self":0.018740299999999998,"total":0.018740299999999998,"children":null}}},"DecideAction":{"count":3871,"self":0.41743379999999997,"total":0.42196249999999996,"children":{"RayPerceptionSensor.Perceive":{"count":2325,"self":0.0045287,"total":0.0045287,"children":null}}},"AgentAct":{"count":3871,"self":0.031210799999999997,"total":0.031210799999999997,"children":null}},"gauges":{},"metadata":{"timer_format_version":"0.1.0","start_time_seconds":"1776607122","unity_version":"2022.3.4f1","command_line_arguments":"C:\\Program Files\\Unity\\Hub\\Editor\\2022.3.4f1\\Editor\\Unity.exe -projectpath C:\\AI Project\\AI Project -acceptSoftwareTermsForThisRunOnly -useHub -hubIPC -cloudEnvironment production -licensingIpc LicenseClient-WELCOME -hubSessionId 707f9ef5-9108-47ac-9079-cd62f253038e -accessToken ieHh98vINobI_D58v-xqA65oFc6GRq1vwFprifRilVM011f","communication_protocol_version":"1.5.0","com.unity.ml-agents_version":"2.0.2","scene_name":"Sem 2 ML","end_time_seconds":"1776607205"}}