{
    "name": "root",
    "gauges": {
        "AgentBrain_ML.Policy.Entropy.mean": {
            "value": 1.417624592781067,
            "min": 1.417624592781067,
            "max": 1.417624592781067,
            "count": 1
        },
        "AgentBrain_ML.Policy.Entropy.sum": {
            "value": 6192.18408203125,
            "min": 6192.18408203125,
            "max": 6192.18408203125,
            "count": 1
        },
        "AgentBrain_ML.Step.mean": {
            "value": 469936.0,
            "min": 469936.0,
            "max": 469936.0,
            "count": 1
        },
        "AgentBrain_ML.Step.sum": {
            "value": 469936.0,
            "min": 469936.0,
            "max": 469936.0,
            "count": 1
        },
        "AgentBrain_ML.Policy.ExtrinsicValueEstimate.mean": {
            "value": 30.04682731628418,
            "min": 30.04682731628418,
            "max": 30.04682731628418,
            "count": 1
        },
        "AgentBrain_ML.Policy.ExtrinsicValueEstimate.sum": {
            "value": 2193.41845703125,
            "min": 2193.41845703125,
            "max": 2193.41845703125,
            "count": 1
        },
        "AgentBrain_ML.Policy.CuriosityValueEstimate.mean": {
            "value": 0.07985351234674454,
            "min": 0.07985351234674454,
            "max": 0.07985351234674454,
            "count": 1
        },
        "AgentBrain_ML.Policy.CuriosityValueEstimate.sum": {
            "value": 5.829306602478027,
            "min": 5.829306602478027,
            "max": 5.829306602478027,
            "count": 1
        },
        "AgentBrain_ML.Environment.EpisodeLength.mean": {
            "value": 399.0,
            "min": 399.0,
            "max": 399.0,
            "count": 1
        },
        "AgentBrain_ML.Environment.EpisodeLength.sum": {
            "value": 3591.0,
            "min": 3591.0,
            "max": 3591.0,
            "count": 1
        },
        "AgentBrain_ML.Environment.CumulativeReward.mean": {
            "value": -2.4253335760699377,
            "min": -2.4253335760699377,
            "max": -2.4253335760699377,
            "count": 1
        },
        "AgentBrain_ML.Environment.CumulativeReward.sum": {
            "value": -21.82800218462944,
            "min": -21.82800218462944,
            "max": -21.82800218462944,
            "count": 1
        },
        "AgentBrain_ML.Policy.ExtrinsicReward.mean": {
            "value": -2.4253335760699377,
            "min": -2.4253335760699377,
            "max": -2.4253335760699377,
            "count": 1
        },
        "AgentBrain_ML.Policy.ExtrinsicReward.sum": {
            "value": -21.82800218462944,
            "min": -21.82800218462944,
            "max": -21.82800218462944,
            "count": 1
        },
        "AgentBrain_ML.Policy.CuriosityReward.mean": {
            "value": 0.0,
            "min": 0.0,
            "max": 0.0,
            "count": 1
        },
        "AgentBrain_ML.Policy.CuriosityReward.sum": {
            "value": 0.0,
            "min": 0.0,
            "max": 0.0,
            "count": 1
        },
        "AgentBrain_ML.IsTraining.mean": {
            "value": 1.0,
            "min": 1.0,
            "max": 1.0,
            "count": 1
        },
        "AgentBrain_ML.IsTraining.sum": {
            "value": 1.0,
            "min": 1.0,
            "max": 1.0,
            "count": 1
        }
    },
    "metadata": {
        "timer_format_version": "0.1.0",
        "start_time_seconds": "1776539915",
        "python_version": "3.10.12 | packaged by Anaconda, Inc. | (main, Jul  5 2023, 19:01:18) [MSC v.1916 64 bit (AMD64)]",
        "command_line_arguments": "C:\\Users\\WELCOME\\miniconda3\\envs\\mlagents\\Scripts\\mlagents-learn config/trainer_config.yaml --run-id=FirstTest_01 --resume",
        "mlagents_version": "1.1.0",
        "mlagents_envs_version": "1.1.0",
        "communication_protocol_version": "1.5.0",
        "pytorch_version": "2.2.2+cu121",
        "numpy_version": "1.23.5",
        "end_time_seconds": "1776539993"
    },
    "total": 77.97113830000308,
    "count": 1,
    "self": 0.006150100009108428,
    "children": {
        "run_training.setup": {
            "total": 0.09259029999520862,
            "count": 1,
            "self": 0.09259029999520862
        },
        "TrainerController.start_learning": {
            "total": 77.87239789999876,
            "count": 1,
            "self": 0.03265860003011767,
            "children": {
                "TrainerController._reset_env": {
                    "total": 9.591039099999762,
                    "count": 1,
                    "self": 9.591039099999762
                },
                "TrainerController.advance": {
                    "total": 68.13107089996629,
                    "count": 1467,
                    "self": 0.03196159991057357,
                    "children": {
                        "env_step": {
                            "total": 67.4027883001545,
                            "count": 1467,
                            "self": 63.534576700170874,
                            "children": {
                                "SubprocessEnvManager._take_step": {
                                    "total": 3.848165499905008,
                                    "count": 1467,
                                    "self": 0.1089767000376014,
                                    "children": {
                                        "TorchPolicy.evaluate": {
                                            "total": 3.7391887998674065,
                                            "count": 1467,
                                            "self": 3.7391887998674065
                                        }
                                    }
                                },
                                "workers": {
                                    "total": 0.02004610007861629,
                                    "count": 1466,
                                    "self": 0.0,
                                    "children": {
                                        "worker_root": {
                                            "total": 18.662864600169996,
                                            "count": 1466,
                                            "is_parallel": true,
                                            "self": 7.856688099825988,
                                            "children": {
                                                "steps_from_proto": {
                                                    "total": 0.0005039999959990382,
                                                    "count": 1,
                                                    "is_parallel": true,
                                                    "self": 0.00016729999333620071,
                                                    "children": {
                                                        "_process_rank_one_or_two_observation": {
                                                            "total": 0.0003367000026628375,
                                                            "count": 4,
                                                            "is_parallel": true,
                                                            "self": 0.0003367000026628375
                                                        }
                                                    }
                                                },
                                                "UnityEnvironment.step": {
                                                    "total": 10.80567250034801,
                                                    "count": 1466,
                                                    "is_parallel": true,
                                                    "self": 0.15540530013822718,